text	label
Wall St. Bears Claw Back Into the Black (Reuters) Reuters - Short-sellers, Wall Street's dwindling\band of ultra-cynics, are seeing green again.	2
Carlyle Looks Toward Commercial Aerospace (Reuters) Reuters - Private investment firm Carlyle Group,\which has a reputation for making well-timed and occasionally\controversial plays in the defense industry, has quietly placed\its bets on another part of the market.	2
Oil and Economy Cloud Stocks' Outlook (Reuters) Reuters - Soaring crude prices plus worries\about the economy and the outlook for earnings are expected to\hang over the stock market next week during the depth of the\summer doldrums.	2
Iraq Halts Oil Exports from Main Southern Pipeline (Reuters) Reuters - Authorities have halted oil export\flows from the main pipeline in southern Iraq after\intelligence showed a rebel militia could strike\infrastructure, an oil official said on Saturday.	2
Oil prices soar to all-time record, posing new menace to US economy (AFP) AFP - Tearaway world oil prices, toppling records and straining wallets, present a new economic menace barely three months before the US presidential elections.	2
Stocks End Up, But Near Year Lows (Reuters) Reuters - Stocks ended slightly higher on Friday\but stayed near lows for the year as oil prices surged past  #36;46\a barrel, offsetting a positive outlook from computer maker\Dell Inc. (DELL.O)	2
Money Funds Fell in Latest Week (AP) AP - Assets of the nation's retail money market mutual funds fell by  #36;1.17 billion in the latest week to  #36;849.98 trillion, the Investment Company Institute said Thursday.	2
Fed minutes show dissent over inflation (USATODAY.com) USATODAY.com - Retail sales bounced back a bit in July, and new claims for jobless benefits fell last week, the government said Thursday, indicating the economy is improving from a midsummer slump.	2
"Safety Net (Forbes.com) Forbes.com - After earning a PH.D. in Sociology, Danny Bazil Riley started to work as the general manager at a commercial real estate firm at an annual base salary of  #36;70,000. Soon after, a financial planner stopped by his desk to drop off brochures about insurance benefits available through his employer. But, at 32, ""buying insurance was the furthest thing from my mind,"" says Riley."	2
Wall St. Bears Claw Back Into the Black  NEW YORK (Reuters) - Short-sellers, Wall Street's dwindling  band of ultra-cynics, are seeing green again.	2
"'Madden,' 'ESPN' Football Score in Different Ways (Reuters) Reuters - Was absenteeism a little high\on Tuesday among the guys at the office? EA Sports would like\to think it was because ""Madden NFL 2005"" came out that day,\and some fans of the football simulation are rabid enough to\take a sick day to play it."	3
Group to Propose New High-Speed Wireless Format (Reuters) Reuters - A group of technology companies\including Texas Instruments Inc. (TXN.N), STMicroelectronics\(STM.PA) and Broadcom Corp. (BRCM.O), on Thursday said they\will propose a new wireless networking standard up to 10 times\the speed of the current generation.	3
AOL to Sell Cheap PCs to Minorities and Seniors (Reuters) Reuters - America Online on Thursday said it\plans to sell a low-priced PC targeting low-income and minority\households who agree to sign up for a year of dialup Internet\service.	3
"Companies Approve New High-Capacity Disc Format (Reuters) Reuters - A group of consumer electronics\makers said on Wednesday they approved the format for a new\generation of discs that can store five times the data of DVDs\at the same cost -- enough to put a full season of ""The\Sopranos"" on one disc."	3
Missing June Deals Slow to Return for Software Cos. (Reuters) Reuters - The mystery of what went wrong for the\software industry in late June when sales stalled at more than\20 brand-name companies is not even close to being solved\although the third quarter is nearly halfway over.	3
Hacker Cracks Apple's Streaming Technology (AP) AP - The Norwegian hacker famed for developing DVD encryption-cracking software has apparently struck again  #151; this time breaking the locks on Apple Computer Inc.'s wireless music streaming technology.	3
European Download Services Go Mobile (Reuters) Reuters - The ability to download complete\tracks directly over cell-phone networks to mobile phones is\becoming a reality in Europe.	3
Open Source Apps Developer SugarCRM Releases Sugar.Sales 1.1 (TechWeb) TechWeb - News - August 13, 2004	3
Oracle Sales Data Seen Being Released (Reuters) Reuters - Oracle Corp. sales documents\detailing highly confidential information, such as which\companies receive discounts on Oracle's business software\products and the size of the discounts, are likely to be made\public, a federal judge said on Friday.	3
Sun's Looking Glass Provides 3D View (PC World) PC World - Developers get early code for new operating system 'skin' still being crafted.	3
Phelps, Thorpe Advance in 200 Freestyle (AP) AP - Michael Phelps took care of qualifying for the Olympic 200-meter freestyle semifinals Sunday, and then found out he had been added to the American team for the evening's 400 freestyle relay final. Phelps' rivals Ian Thorpe and Pieter van den Hoogenband and teammate Klete Keller were faster than the teenager in the 200 free preliminaries.	1
Reds Knock Padres Out of Wild-Card Lead (AP) AP - Wily Mo Pena homered twice and drove in four runs, helping the Cincinnati Reds beat the San Diego Padres 11-5 on Saturday night. San Diego was knocked out of a share of the NL wild-card lead with the loss and Chicago's victory over Los Angeles earlier in the day.	1
"Dreaming done, NBA stars awaken to harsh Olympic reality (AFP) AFP - National Basketball Association players trying to win a fourth consecutive Olympic gold medal for the United States have gotten the wake-up call that the ""Dream Team"" days are done even if supporters have not."	1
Indians Beat Twins 7-1, Nearing AL Lead (AP) AP - The Cleveland Indians pulled within one game of the AL Central lead, scoring four runs in the first inning and beating the Minnesota Twins 7-1 Saturday night behind home runs by Travis Hafner and Victor Martinez.	1
Galaxy, Crew Play to 0-0 Tie (AP) AP - Kevin Hartman made seven saves for Los Angeles, and Jon Busch had two saves for Columbus as the Galaxy and Crew played to a 0-0 tie Saturday night.	1
USC Begins Season Where It Ended, at No. 1 (AP) AP - Southern California will begin defense of its first national title in 31 years as the No. 1 team in the nation. The Trojans earned the top spot in the preseason Associated Press poll released Saturday by receiving 48 of 65 first-place votes and 1,603 points.	1
Italy's Pennetta Wins Idea Prokom Open (AP) AP - Italy's Flavia Pennetta won the Idea Prokom Open for her first WTA Tour title, beating Klara Koukalova of the Czech Republic 7-5, 3-6, 6-3 Saturday after French Open champion Anastasia Myskina withdrew before the semifinals because of a rib injury.	1
Tough Race Ahead for Swimmer Phelps  ATHENS (Reuters) - Michael Phelps, his first gold medal  safely gathered in, eased through the next phase of his  monumental Olympic challenge in the heats of the 200 meters  freestyle Sunday but the immensity of the task ahead was clear.	1
Iranian Will Not Meet Israeli in Olympics Due to Weight  ATHENS (Reuters) - A diplomatic wrangle of Olympic  proportions was avoided Sunday when Iranian world judo champion  Arash Miresmaeili failed to make the weight for his clash with  an Israeli opponent.	1
Tiger Runs Out of Steam After Storming Start  KOHLER, Wisconsin (Reuters) - Tiger Woods failed to make  the most of a red-hot start in the U.S. PGA Championship third  round on Saturday, having to settle for a three-under-par 69.	1
Venezuelans Vote Early in Referendum on Chavez Rule (Reuters) Reuters - Venezuelans turned out early\and in large numbers on Sunday to vote in a historic referendum\that will either remove left-wing President Hugo Chavez from\office or give him a new mandate to govern for the next two\years.	0
S.Koreans Clash with Police on Iraq Troop Dispatch (Reuters) Reuters - South Korean police used water cannon in\central Seoul Sunday to disperse at least 7,000 protesters\urging the government to reverse a controversial decision to\send more troops to Iraq.	0
Palestinians in Israeli Jails Start Hunger Strike (Reuters) Reuters - Thousands of Palestinian\prisoners in Israeli jails began a hunger strike for better\conditions Sunday, but Israel's security minister said he\didn't care if they starved to death.	0
Seven Georgian soldiers wounded as South Ossetia ceasefire violated (AFP) AFP - Sporadic gunfire and shelling took place overnight in the disputed Georgian region of South Ossetia in violation of a fragile ceasefire, wounding seven Georgian servicemen.	0
Rwandan Troops Arrive in Darfur (AP) AP - Dozens of Rwandan soldiers flew into Sudan's troubled Darfur region Sunday, the first foreign armed force deployed in the area since Arab militiamen began a rampage against black African farmers, killing thousands.	0
Rwanda Troops Airlifted to Start AU Mission in Darfur (Reuters) Reuters - Rwandan troops were airlifted on Sunday\to Sudan's Darfur as the first foreign force there, mandated to\protect observers monitoring a cease-fire between the Sudanese\government and rebels in the troubled western region.	0
Bomb at India Independence Parade Kills 15 (AP) AP - A bomb exploded during an Independence Day parade in India's remote northeast Sunday, killing at least 15 people, including schoolchildren, while a rocket attack during a celebration at a school in the separatist region of Kashmir injured 17, officials said.	0
Australian FM to visit North Korea for talks on nuclear crisis (AFP) AFP - Australia's foreign minister will pay a rare visit to North Korea this week for talks on its nuclear programme after creating a stir here by warning a North Korean missile would be able to hit Sydney.	0
Kerry Campaign Helping With Fla. Recovery (AP) AP - Democratic presidential candidate John Kerry does not plan to visit Florida in the aftermath of Hurricane Charley because he's concerned his campaign entourage could distract from recovery efforts, he said Saturday.	0
Edwards Calls for Changes to Drug Plans (AP) AP - Democratic vice presidential candidate John Edwards called for changes to prescription drug programs and praised running mate John Kerry's military and government service at an outdoor campaign rally here Saturday.	0
